{
    "TOTAL_SALES": 2261536.7827000003,
    "AVERAGE_SALES_PER_ORDER": 459.4751691791955,
    "AVERAGE_SHIPPING_DURATION": 3.9611224489795918
}